Port_IDs,Total_PnL,Total_Investment,ROI,Total_Positions,Win_Positions,Win_Rate,Mean_Return,Std_Return,Sharpe_Ratio,MDD,Score
3672754654734989568,566.59765978,933984676.793436,6.0664556267159296e-05,474,210,44.303797468354425,1.1953537126160336,6.451799122657953,0.18217456716659555,80.77703672000018,-7.239977280812292
3733192481840423936,2923.97719988,55285475911.82555,5.288870452238546e-06,689,553,80.2612481857765,4.243798548447025,70.41844733899562,0.05998142117666392,2743.12,-532.5537543498306
3768170840939476993,243.66889897,579922.9171301029,0.04201746331665214,14,6,42.857142857142854,17.404921355,41.022498585130585,0.4237899190592332,0.0,8.711170786141336
3784403294629753856,2521.81430468,352112773.63591874,0.0007161950640528401,6050,1829,30.231404958677686,0.4168288106909091,3.9107618567838616,0.10147097297743765,271.29198097000017,-48.18145905185205
3786761687746711808,205.02139999,2796828601.066778,7.330495687572697e-06,82,37,45.1219512195122,2.5002609754878047,11.620986242555336,0.21342947351621858,123.46026665,-15.603632044893988
3788465932399412480,13960.96645667,886244610.8321872,0.0015752949339303286,3069,1369,44.607363962202676,4.549027845118931,29.749289912078247,0.1522398638254603,1772.2194397900003,-345.47627061793173
3818233536529843712,6419.60790714,8309364200.348967,7.725751035043568e-05,1421,482,33.919774806474315,4.517669181660803,29.28185753007359,0.15359917577091972,2036.5375697500006,-400.4774560587209
3819545518395756033,980.0631999599999,9185565065.81572,1.0669601629706227e-05,68,26,38.23529411764706,14.412694117058821,67.12229094256563,0.21442495354299193,0.0,7.711389510472799
3826087012661391104,532.65697373,19010152.418403655,0.0028019605630007303,108,63,58.333333333333336,4.932009016018519,7.3055823625850245,0.6723637859693423,12.925980130000028,9.284020364626365
3858510226868015873,-280.97295038999994,2703954079.93371,-1.0391187944910968e-05,996,243,24.397590361445783,-0.28210135581325296,20.80661580951278,-0.014519485464576718,827.30973014,-160.58678691870662
3865845304835489536,1406.06618669,1775358.6300209498,0.07919899466585002,882,451,51.13378684807256,1.594179349988662,6.544928305477614,0.24051896010399257,78.66142699000001,-5.409612641954537
3878631538480067329,3921.23304116,2813620535.524912,0.00013936609402903904,2811,1415,50.337958022056206,1.394960171170402,8.93825036177692,0.15382878253782328,1039.8421924400013,-197.85465643899948
3879821005658659073,4268.00656095,2796942097.071324,0.000152595456495829,872,289,33.142201834862384,4.894502936869266,37.37970169828229,0.1304050785695078,1961.0298660699996,-385.53836554481967
3880920727367689984,-176.82699999000002,4800793551.26269,-3.6832869004227756e-06,145,49,33.793103448275865,-1.2194965516551726,31.570472983098846,-0.0392612601122173,609.39066665,-115.13129212336456
3886752488982104320,7195.17832464,19926302568.627983,3.610894846075511e-05,1249,931,74.5396317053643,5.760751260720577,25.982851666186072,0.2209438492154253,38.20810000000006,7.332600328522014
3887577207880438784,2417.51403674,45734371.5208804,0.0052859894130965895,6050,2893,47.81818181818182,0.39958909698181816,4.545387135469172,0.08351083981818794,577.6136464800004,-105.93245388359433
3891020560590657281,2856.30056379,42016.742447307704,6.798005741097196,437,283,64.75972540045767,6.536156896544623,15.113304301283254,0.4311536886074175,0.0,15.120692909002917
3907081197088384000,18015.99737026,46979755.160843976,0.03834842754837454,4137,2540,61.39714769156394,4.354845871467247,19.552191904378006,0.2217063893740024,2060.707122380003,-399.78397849261114
3910887259807777281,1803.30201001,8495697506.985821,2.1226061880465795e-05,75,17,22.666666666666664,24.044026800133334,222.02093966966214,0.1082061306283899,663.3218999799999,-128.09857845565958
3910983669796782848,6761.64804825,6521970409.966459,0.00010367492679692752,640,274,42.8125,10.565075075390626,31.914908768879208,0.3304121954963354,201.72342223000032,-31.683029684873127
3911997667197443328,605.72231024,567423696.0342627,0.00010674956200691074,64,30,46.875,9.4644110975,54.753237220622104,0.17249046041688443,229.55157354000002,-36.48353554500634
3914654298562589441,343.47044904999996,8009115984.231226,4.288493882798587e-06,483,200,41.40786749482402,0.711118942132505,64.78359706696081,0.010668116211857754,3893.0689187699995,-770.3290085336234
3919174299855478272,1456.3718076199998,31697866680.329765,4.594542031195295e-06,1267,609,48.06629834254144,1.1494647258247828,100.026440275016,0.01129166171183734,9684.34458371,-1927.252268196616
3923766029921022977,772.72903189,11288280475.339321,6.845409569492223e-06,1259,359,28.51469420174742,0.6137641238204924,8.479630691024072,0.0700224037408856,205.53265760000016,-35.38258390490541
3925368433214965504,6789.43673863,25085669691.94964,2.70650009427846e-05,1458,486,33.33333333333333,4.656678147208505,16.94117395267621,0.273692847978581,162.05753631999778,-25.662724623439036
3926423286576838657,1309.45995959,19423663253.183983,6.74157053961152e-06,478,163,34.10041841004184,2.7394559824058575,54.50586790175019,0.049892903041335396,1119.0932,-216.9835864246081
3930688517098515713,1947.24457347,30299230496.465477,6.426712961232311e-06,288,140,48.61111111111111,6.761265880104166,107.12635652245993,0.06292817285063554,1193.9074265099998,-229.04038269990866
3931992636670880512,10374.96528998,1526164743.275052,0.0006798063797304075,6050,2430,40.16528925619834,1.7148702958644628,33.759764469534126,0.05020385427730004,1651.1316999599999,-322.1780170425632
3932103299427844097,3860.30970535,53714731264.60666,7.186687179599852e-06,2589,778,30.050212437234453,1.4910427598879876,17.89492409135906,0.08220447051788901,669.4568359399998,-127.85666120339157
3935808725185052672,2301.96412286,21769025034.55451,1.0574493433702408e-05,1715,602,35.10204081632653,1.3422531328629737,21.22009709420374,0.06231136111173339,1394.9714398600001,-271.9551832280532
3936410995029308417,10681.514,37545663581.11074,2.84493946336159e-05,20,6,30.0,534.0757,1786.3037320897977,0.29897250417498034,0.0,6.089700286070884
3937714876784951296,1117.5308932100002,39301394088.1237,2.8434891920225837e-06,511,201,39.33463796477495,2.18694891039139,134.049800225294,0.016165252814621545,3858.82450985,-763.893123948154
3939318616482048768,9775.38910984,3160438811.436037,0.0003093048052209645,315,118,37.46031746031746,31.032981301079364,152.249734419242,0.2036980978612453,87.00335997999991,-9.84740628313655
3939925275039085824,2378.8786707,104223034.64342435,0.0022824883950451048,5928,2148,36.23481781376518,0.40129532231781373,1.7760101547774607,0.21469208455375705,78.62181990000008,-8.412308045362337
3941019213896463617,4234.08779003,48061893561.768425,8.809656624511504e-06,112,55,49.107142857142854,37.804355268125,430.7028412013276,0.08772720226951809,4944.99999998,-979.1522506209936
3942630767220672256,6611.89848042,6137883774.315176,0.00010772277096689911,4969,1903,38.29744415375327,1.3306295996015294,19.573928613884114,0.06695792272747321,6083.72668798,-1209.0657290716
3943533600390906881,2361.42457205,1183734801.6915572,0.00019948932553774069,1759,964,54.80386583285958,1.3424812803013075,3.1360581717858125,0.42170176950136967,32.30352141000003,4.626639262219983
3944088772635000577,7581.4919834,3482269711.5269217,0.00021771696656074443,6063,2774,45.75292759360053,1.250452248622794,4.1801422401462265,0.29435655007274375,97.2037250300009,-10.201787207168284
3944239644144231424,-1187.89097568,30734895109.575264,-3.8649586128241585e-06,858,227,26.456876456876454,-1.3844883166433568,58.34014508090987,-0.024074131366926186,5867.434541539999,-1168.2027564155223
3944658614777849089,2074.44997996,2951061777.661301,7.029503738833923e-05,45,20,44.44444444444444,46.09888844355555,113.12878081739643,0.40731357759377307,0.0,9.011104050678238
3946087913459823360,-40.66724167,2564402.30992298,-0.0015858370394004756,6085,1930,31.71733771569433,-0.006683195015612161,1.1707457362471296,-0.022791622629475608,453.51285960000007,-84.36641761476182
3949214983441029120,1317.57755896,7980476125.30815,1.6510011912467496e-05,4530,1675,36.9757174392936,0.29085597328035323,4.949088714196273,0.05472845384715233,131.15652971999998,-18.81973896698356
3949329502284748801,425.96505788999997,1547934340.8982105,2.7518289803095126e-05,384,72,18.75,1.1092840049218748,8.152221111289956,0.13361806433504764,44.74980000999997,-5.159866327212541
3951723256343550465,5260.02286389,18218013636.07711,2.8872647528782076e-05,3447,1215,35.24804177545692,1.5259712398868581,26.139378015890454,0.05761312449635792,1073.1449283800025,-207.56208472176598
3952087967771302912,1032.6052598600002,6995901317.949092,1.4760146161734557e-05,172,58,33.72093023255814,6.00351895267442,34.56870807681986,0.1730906153443057,0.0,6.796117659158768
3953433416230728705,4924.76177998,68743192209.9229,7.16399925819727e-06,527,110,20.872865275142317,9.344899013244781,55.92264411921123,0.16674638976953127,675.6869999,-130.91280085884094
3953764659057081857,6048.86608919,103859031014.38873,5.824111808198927e-06,583,180,30.874785591766724,10.37541353205832,83.65181387475084,0.12379185880611203,957.0232210199965,-185.19254778077058
3956048468100538880,1373.56489,5642141185.052696,2.4344745105614923e-05,28,20,71.42857142857143,49.055888928571434,93.46437752242942,0.5246478950421928,0.0,14.443115957650477
3956076827719377409,16790.01223802,6482968569.46559,0.0002589864821665185,3916,2019,51.55771195097037,4.287541429525025,43.07873842120432,0.09906375130578211,635.0500145299998,-116.6686636944695
3957509601040585217,3174.1803667200006,58033527764.971535,5.469563007741026e-06,1113,300,26.954177897574123,2.851914076118599,113.03618401623498,0.025053164177161722,3268.44,-648.2896468303633
3960874214179953664,19567.47128569,309468304886.89703,6.322932260491563e-06,2391,1233,51.568381430363864,8.18380229430782,50.22345523955642,0.16254959471362576,2233.99999999,-436.4375569366335
3962024093501274881,9314.494060179999,310340329594.84155,3.0013804755380474e-06,1273,337,26.472898664571876,7.316963126614296,98.78819798616605,0.07386472549723133,1828.4947021299995,-360.38220037502225
3966142151544441601,4883.80077594,23405192411.281357,2.086631329544634e-05,1932,1028,53.20910973084886,2.527847192515528,48.159777108890005,0.052073480050483754,1661.4546297300017,-321.63347569592145
3975304792994095360,2536.0810463,3868075.163687325,0.06556442000166374,2438,1040,42.65791632485644,1.040230125635767,3.9618003386439145,0.2575167949995637,91.88800600000013,-9.74909357052837
3975392755164484097,2330.27031414,37851459582.68716,6.1563552365780905e-06,1829,512,27.99343903772553,1.274067968365227,13.382341305279779,0.0937106549412587,451.2251471999999,-84.61822658906594
3976088733682659585,5901.15009982,2614708502.4025893,0.0002256905538188132,2814,1226,43.56787491115849,2.0970682657498223,14.901898756618358,0.1393827927348746,1074.721004,-206.1887432727817
3977078013600312321,4622.3514376,20015384513.13029,2.3093992696306644e-05,5018,1638,32.64248704663213,0.9211541326424871,10.277425266694822,0.08768286893437996,753.4702992500004,-144.13925065179555
3977116548751698176,603.9805007599999,90874386097.6916,6.646322761517311e-07,1624,456,28.078817733990146,0.37190917534482754,12.387168520108052,0.02840916992237366,905.2161011399996,-175.4189337308355
3977234346014419201,2427.29283086,6644.565672956543,36.530496503919125,83,33,39.75903614457831,29.244491938072287,95.96668749567114,0.3045274636512857,0.0,19.00231441918678
3978449781300392193,5888.6560088,65630583385.68717,8.972426733119986e-06,784,344,43.87755102040816,7.51104082755102,61.64546154200155,0.12151812380295135,1201.615229999999,-231.51107766704928
3981810242465907713,2836.47282999,475053455.57324713,0.0005970849799560404,105,12,11.428571428571429,27.01402695228571,137.07630756882466,0.19692700679679656,181.88830446,-34.03268937875269
3983074113875692800,2424.82951996,12906.349788555399,18.787880072103718,43,14,32.55813953488372,56.39138418511629,156.55636271025622,0.36007086016327916,0.0,12.256013186656844
3986814617275053313,16337.46188064,17716862.373792324,0.09221419422892395,3554,2780,78.22172200337648,4.596922307439504,13.939082864169066,0.3283517539883958,2.3819474699994316,15.294124691140608
3987739404272887297,12464.6063154,48204132.268897526,0.02585796223001916,6050,1381,22.826446280991735,2.060265506677686,41.302368708330235,0.04939826868249778,3386.656093979994,-672.7433526705266
3988071780777702657,3424.4699222,6327452442.455515,5.412083225189844e-05,2385,890,37.316561844863735,1.4358364453668764,38.45200052604044,0.03682087865384388,135.64724225000055,-19.655073581181536
3988187872032603905,2599.76167062,1712667440.4325926,0.00015179605854849097,5238,1711,32.665139366170294,0.4963271612485682,5.296804997435283,0.08992726020293482,1194.0331292399999,-232.2465742578875
3988205565930333696,3283.93800993,24082965103.05136,1.3635937252236099e-05,371,141,38.00539083557952,8.851584932425876,119.70926770514684,0.0737752815778537,2247.3695699599994,-441.85069914962946
3991414786174551297,1787.98771569,2408229843.2731647,7.42448948834486e-05,311,93,29.903536977491964,5.749156642090032,47.12026369355092,0.12158583575316768,372.9699,-68.57677458030719
3993014919980212480,3078.66301039,4830416352.581448,6.37349409589655e-05,695,331,47.62589928057554,4.4297309502014395,31.42715346540927,0.14031595177893127,60.840000000000146,-2.6007062378689554
3993222640082269952,1884.46844302,3347247112.2319174,5.6299053515754664e-05,3087,1434,46.45286686103013,0.61045301037253,6.643820321857385,0.08887251336855231,314.1775242199999,-53.51825282806734
3994879592543698688,3658.7650624,1155451161.674461,0.00031665250629007784,653,361,55.283307810107196,5.603009283920367,46.932822981420834,0.11895745726035908,175.48129108000091,-24.00381442104875
3995532094997544704,-12346.6822186,222231697753.86185,-5.555770100930818e-06,6051,1295,21.401421252685505,-2.040436658172203,31.75898959786461,-0.06487727362430766,14186.535463309989,-2833.046273260279
3996598927198996481,3509.04461888,201068040.97774646,0.0017452025701430937,2661,980,36.8282600526118,1.3186939567380684,11.628572875096888,0.1116812845984979,160.68430589999957,-24.737181223326964
3998572645139652353,9603.58535988,130657587029.70963,7.350193416396313e-06,266,95,35.714285714285715,36.10370436045113,137.64758729995154,0.2621455636691994,214.71515507000004,-35.721527996984086
3998659472131949824,1449.32593976,25825475999.40458,5.612000877712438e-06,147,72,48.97959183673469,9.859360134421769,25.780273420628824,0.38166236540177745,0.0,9.910418760567735
3999240873283311617,42574.47367879,42655243.86253013,0.09981064418714744,4522,2366,52.32198142414861,9.41496543095754,41.383493093107134,0.22702204982600593,300.81384848999915,-49.600323604966164
3999845462424248576,5843.15260681,1838766072.2227712,0.0003177757461962833,3318,1443,43.490054249547924,1.7610465963863773,7.7944950549352585,0.22336874731660708,325.7692295799984,-56.38872910917126
4000222729738650369,1803.6201332800001,2364198347.428783,7.628886701665927e-05,958,537,56.05427974947808,1.882693249770355,7.5888856938852856,0.24545016553236698,151.8992973999999,-19.09534559378455
4000877324693233921,-836.1005588599996,105427414.52165596,-0.0007930580130922734,6050,2714,44.8595041322314,-0.13819843948099167,59.382871050153454,-0.0026640416113828643,14682.679015479995,-2927.5649393994404
4002413037164645377,3686.9697606,153277523.2455883,0.0024054210183789095,576,107,18.57638888888889,6.4009891677083335,50.88933505834138,0.12538951747734445,38.33630992999997,-3.9136457266734994
4004410127575640832,2905.76386668,313998991.2956294,0.0009254054781164024,507,175,34.51676528599605,5.731289677869822,30.311736627376643,0.1884184251162818,486.26961987,-90.29376776762247
4004713168329653760,1667.19861,8383.824133671102,19.885896738985725,27,2,7.4074074074074066,61.74809666666666,222.586962021416,0.27732125954766185,0.0,7.530446881041497
4006366295148391425,3018.5418057,1430572.6055425839,0.21100234926944764,681,117,17.180616740088105,4.4325136647577095,48.72057186345298,0.09056777242115444,688.05580089,-134.0845657934752
4008537296438699777,2330.8456453100002,12371390281.824163,1.8840612026721355e-05,535,249,46.54205607476635,4.3567208323551405,40.50038167284205,0.10707851761464197,543.7563162,-99.41072281757874
4008711265867865600,11298.706389769999,77798846645.13724,1.4522974153211584e-05,394,166,42.13197969543147,28.676919770989844,107.69072694895276,0.26610387526285073,509.5499999999993,-93.40376854144246
4008804082027254529,3332.73345887,126196313321.44252,2.6409119023794193e-06,975,527,54.051282051282044,3.41818816294359,88.33821879916081,0.03846792712302086,4879.948659969999,-965.1679344133331
4011626972687000576,5483.14982082,1220212165.6618068,0.0004493603633140391,6056,2326,38.408190224570674,0.9054078303863937,11.719470943388137,0.07555015364289298,1133.2432568999998,-218.94421348088397
4012994295026226176,2500.33664614,301273626.3375901,0.0008299221795598746,627,251,40.03189792663477,3.9877777450398724,18.54779913530262,0.21392175514171244,216.8208998599997,-35.29337488347661
4013955990069013504,1690.02704985,2261752.4282272696,0.07472201770441426,358,236,65.92178770949721,4.7207459493016755,20.589139527479883,0.22831191867089398,347.85864704999995,-56.29646168718796
4013978721149559808,3778.87822398,100043562.34636952,0.0037772327727563487,294,61,20.74829931972789,12.853327292448979,79.24923542142572,0.1619362915516454,0.0,4.199373921242899
4014818740371615232,2013.64751009,26319056564.50512,7.650910681979693e-06,529,111,20.982986767485823,3.806517032306238,19.917640552764265,0.19010871404548604,94.40199994,-14.626767725015986
4016164457907769600,3742.68731972,52474470890.668976,7.132396489557602e-06,712,310,43.53932584269663,5.256583314213483,33.36577510863048,0.156944752434628,647.83756662,-120.81256259001134
4017110277719148289,2899.93302141,6508222308.883474,4.455798962877624e-05,252,143,56.74603174603175,11.507670719880952,29.205381271790724,0.39334089197379574,0.0,11.467221984195378
4017263283405469185,7141.3664193899995,123197150308.49054,5.796697733273648e-06,6050,2034,33.6198347107438,1.1803911437008263,39.228531669917615,0.029580284917741947,4788.433923359992,-950.953941905365
4017323550554338817,3134.7351025,8816924.694454892,0.03555361093728617,545,273,50.091743119266056,5.751807527522935,26.977405574454643,0.212466966539973,0.0,10.09275479709639
4019895412775450368,2640.30025492,273603745.61914265,0.0009650088119024902,571,242,42.38178633975482,4.623993441190893,16.2415837905317,0.28346948798644056,0.0,8.561687616990467
4020204877254599680,71998.85595307,1311640069950.229,5.4892235760837985e-06,6050,1993,32.94214876033058,11.900637347614875,195.90160601851505,0.06064594154726844,21338.051187779958,-4261.003612374695
4021243448368889856,1498.1937579,49227779.52838422,0.0030433908907797824,6050,2290,37.85123966942149,0.24763533188429754,2.61475143254115,0.0870581153723931,490.49299994,-90.50132160223676
4021669203289716224,26427.33159178,251130411570.22995,1.0523349771355531e-05,1682,528,31.391200951248514,15.711849935659927,230.20775144564303,0.06816386432307041,2537.8666286099924,-501.27463321544695
4022565861939831809,14197.57707589,402585948402.7268,3.5265952853594024e-06,705,372,52.76595744680851,20.13840719984397,67.21711630849433,0.2993048244960425,385.0755536900001,-66.37212674331093
4022641794255717633,2176.83382376,624727.6756871901,0.34844523597670274,6052,2634,43.52280237937872,0.35968833836087244,0.6437517841555029,0.5276697427821314,115.99559387999989,-14.231723806496584
4023616625178799873,2087.77119301,495923589.4058576,0.00042098646598183784,827,339,40.991535671100365,2.524511720689238,9.964747084632426,0.2513372090047003,3.088799999999992,7.656074592861279
4023697433751327232,2408.22399998,10550.850018602,22.824928756774163,42,4,9.523809523809524,57.33866666619048,191.02742588621948,0.30005464608171417,0.0,8.842256925618669
4023697881318718465,3151.95061998,20953.495839244,15.042600261845958,70,6,8.571428571428571,45.02786599971429,163.22124563804167,0.275747595380588,0.0,6.309790071453678
4026179081117855488,6796.18836,85146586490.01852,7.98175081369433e-06,197,46,23.3502538071066,34.49841807106599,247.14768612381292,0.13950532417201522,1824.6434998900004,-360.21679522480196
4027747397961573889,2638.21944996,9969772351.846626,2.6462183456689884e-05,460,207,45.0,5.735259673826087,63.89533264165503,0.0894472168394372,483.90628998,-87.75441589229314
4028427053699127040,2633.02381341,1154999421.446857,0.00022796754392410309,121,36,29.75206611570248,21.76052738355372,82.34166305255924,0.2640282765442397,6.623939780000001,4.704902140366945
4028701921959171840,17601.40139824,283712112133.9115,6.203965444355854e-06,687,373,54.29403202328966,25.62067161315866,92.92148278325865,0.27550864284928356,585.6775999300007,-106.19405912729779
4029299190618134272,3354.14587637,1711583011.7746706,0.00019596746715148938,230,72,31.30434782608696,14.583242940739131,61.13463890921539,0.23821589855737055,0.53788037,6.22481705102475
4029422834086627072,2799.90254984,386148383.80410403,0.000725084622200675,102,38,37.254901960784316,27.450024998431374,53.65333010096718,0.5112455265462993,0.0,7.604571575507414
4029506971304830209,2413.6540000200002,10987.1664470006,21.96793879170645,52,3,5.769230769230769,46.4164230773077,189.5265416438382,0.24480171840256928,1.2715041199999177,7.563367482878877
4029507714735307777,1537.89995998,14286.162189834802,10.764962202895049,53,2,3.7735849056603774,29.01698037698113,148.15741753598593,0.1957173718280967,0.0,4.042920853549019
4029749871687083265,3662.13654822,1026007.210431799,0.3569308783589129,856,367,42.873831775700936,4.278196902126168,12.089494478313068,0.3522229080599526,0.0,8.787512491065847
4030392204221219329,1347.75800996,637552.5456974684,0.2113955969677107,85,8,9.411764705882353,15.855976587764706,78.99172159911392,0.20047640774476227,0.0,2.0059145425902125
4030395639953224449,4413.76154738,3061250086.4598,0.00014418167162828305,492,86,17.479674796747968,8.971060055650407,53.45086836763105,0.16746332340357295,57.609999730000254,-7.975782735127897
4030555430101054209,3358.38032001,1826763510.1089783,0.00018384319050743743,121,32,26.446280991735538,27.755209256280992,85.64144861988083,0.32385264031886696,0.0,5.38646714339992
4030565764341697025,2789.87828996,1154369007.7905765,0.00024167993692933022,105,51,48.57142857142857,26.57026942819048,79.81476645805331,0.3326485888064834,4.030795650000002,9.007993664908739
4030626027667524352,3796.34803991,8459111368.917517,4.487880433705421e-05,233,116,49.78540772532189,16.293339227081546,77.42293008726189,0.21018759182505983,670.8059999999987,-124.14104871374656
4030635536196756737,2581.61417484,18904733762.075165,1.365591394901833e-05,1294,679,52.47295208655333,1.9950650501081917,22.045104930625588,0.08959200041567432,47.186786249999955,1.0841148642095622
4030708912786799105,1612.84376999,6948.1577463370995,23.212538184531752,60,2,3.3333333333333335,26.880729499833333,145.9789865039393,0.18400408266369547,0.0,7.6856293468253005
4031173908980084736,5360.42572991,3237159968.4242682,0.00016559038732087312,225,85,37.77777777777778,23.824114355155555,80.58573548919055,0.2953886839979086,80.89999999999964,-8.535778162128803
4031181049693676544,4545.2423384,2145708597.6242115,0.0002118294321713871,302,73,24.17218543046358,15.050471319205299,70.18042217706812,0.21416900686751064,22.344964960000084,0.4297583449826039
4031408429897920512,1351.26659997,1147222.7663658,0.11778589473521127,82,4,4.878048780487805,16.478860975243904,104.40852722167254,0.15763904934986445,0.0,1.0582372393230837
4031414524297538817,2726.79561774,77751079.75608894,0.0035070839225566585,244,90,36.885245901639344,11.175391875983607,37.46653485206032,0.29774282356325676,17.582599899999998,3.9509041725736136
4031451549482615297,3124.54121527,1030278881.2041165,0.00030327140275051147,114,44,38.59649122807017,27.408256274298246,121.65111972269057,0.2251377244757883,3.9002427300000004,7.006881998377596
4031493134338259457,9082.69828786,100999598306.55759,8.992806347894442e-06,1889,683,36.156696664902064,4.8082044933086285,30.799317785059397,0.15546462836366343,3682.1097992,-729.1439784206685
4031673021422897664,1984.71719999,20630313281.697624,9.62039292806455e-06,229,72,31.4410480349345,8.666887336200872,32.27342192801491,0.26792595329641666,64.52999999999997,-6.537409720906292
4032403303704824321,2060.57051952,2722276320.511587,7.569292301425024e-05,223,123,55.15695067264574,9.240226544932735,85.68964025801907,0.10760024802496335,1104.51520996,-209.83934907518645
4033614723417828608,4602.23981649,56972933999.09206,8.077940687701537e-06,516,115,22.28682170542636,8.919069411802324,81.98706904434383,0.1085423532702351,647.2944777400007,-124.96896607755161
4033639786957934336,2848.14185731,1488398725.2135038,0.0001913561070069747,149,25,16.778523489932887,19.115046022214766,89.15082291255942,0.21418810728133714,0.0,3.420018537003081
4034359562055356161,5284.65441593,140687842760.8269,3.756297852198966e-06,799,391,48.93617021276596,6.614085626946183,42.015891151694035,0.15694265779437877,1659.353950150005,-322.0364720632201
4034786679304751616,2521.07586938,161115.66884893988,1.5647614458552321,321,123,38.31775700934579,7.853818907725857,37.71925211204646,0.20768754598991523,0.0,8.195286099422702
4035034554469394176,2517.32079973,462048.33941748,0.544817627286286,395,66,16.70886075949367,6.372964049949367,58.48488814233261,0.108625736523397,632.4248999399999,-122.94717482695836
4035430878731345664,2493.75041995,206719209.3203109,0.0012063467290482617,89,43,48.31460674157304,28.01966763988764,59.662106359390805,0.4693040415171413,0.0,9.804074464788465
4036548677626662656,3296.87667987,2035020892.704852,0.0001620070187823944,147,68,46.25850340136054,22.427732516122447,92.41801269752129,0.24246066174850173,0.0,9.324487480902294
4037073643537925121,1540.4004996200001,572791.7498801583,0.2689285416457706,446,83,18.609865470852018,3.453812779417041,21.006449977468687,0.163464687422202,0.0,3.8516910628907954
4037121179310444801,7237.92173826,19529665726.23153,3.70611655095473e-05,1595,772,48.40125391849529,4.537881967561129,41.59314552723116,0.10862082947305003,1198.3317800000032,-229.95350784911
4037179073830813185,2331.43490998,1220228323.6004667,0.00019106546413385586,73,31,42.465753424657535,31.937464520273974,132.75882379033902,0.24041689741602423,0.0,8.565333073795555
4037282461943784704,4760.3656195,6511987433.496967,7.310157871333088e-05,504,136,26.984126984126984,9.445169879960318,78.82467439298613,0.11957131383721867,1680.7088622099998,-330.70905372054983
4037511388357114368,3552.34051692,4454345222.8789835,7.975000452757925e-05,953,413,43.33683105981112,3.72753464524659,42.298800663681384,0.08765105835329168,635.45101241,-118.39651702753042
4037717032428033792,1897.3229995,548541.5462750191,0.3458850131560956,317,102,32.17665615141956,5.985246055205047,26.94710141433821,0.22136874625153619,0.0,6.605507358106201
4037785885739608577,1934.5792352600001,661760.5999568731,0.29233823158799066,254,59,23.228346456692915,7.616453682125985,34.14322392892085,0.2224878850907646,0.0,4.80011712634221
4038768306117031680,1741.91425988,1695116.0198657892,0.10276076914298267,100,22,22.0,17.4191425988,129.00426692969867,0.1348726132313261,0.0,4.471290014712293
4039129759104249600,1264.28919972,540518.57273811,0.2339030078680698,133,59,44.3609022556391,9.505933832481203,18.209114968437053,0.5209442550570821,0.0,9.098634630005366
4039279455324236544,1038.80741926,56511.3951396792,1.83822646157006,327,181,55.35168195718655,3.176781098654434,6.734982667718051,0.4687140642225313,0.0,11.762418549175088
4040382575336130560,0.0,10911.0006006,0.0,76,0,0.0,0.0,0.0,-inf,0.0,-inf
4040843843196854529,2151.70406,773975337.0829549,0.0002780067990421483,59,19,32.20338983050847,36.46956033898305,106.73988283609388,0.34148023560184854,0.0,6.543205438821962
4041804592937345281,-776.34299969,1587280527.166213,-4.891025791616133e-05,368,85,23.097826086956523,-2.1096277165489132,27.071103383507985,-0.07866793186739134,1026.62085938,-200.7282217112463
4041860229502600193,2327.33599982,23325630.700016,0.009977590873109397,97,38,39.175257731958766,23.993154637319588,52.47921592033519,0.45681236308315765,0.0,7.975088532578633
